file,line,type,commit,author,date,time,timezone,datetime,depth,length
style.css,1,css,b6ee90c1,gsriram67,2026-04-07,16:42:50,-07:00,2026-04-07T16:42:50-07:00,0,3
style.css,2,css,b6ee90c1,gsriram67,2026-04-07,16:42:50,-07:00,2026-04-07T16:42:50-07:00,1,30
style.css,3,css,b6ee90c1,gsriram67,2026-04-07,16:42:50,-07:00,2026-04-07T16:42:50-07:00,0,0
style.css,4,css,b6ee90c1,gsriram67,2026-04-07,16:42:50,-07:00,2026-04-07T16:42:50-07:00,0,0
style.css,5,css,b6ee90c1,gsriram67,2026-04-07,16:42:50,-07:00,2026-04-07T16:42:50-07:00,0,2
style.css,6,css,3fda5c46,gsriram67,2026-04-14,17:40:41,-07:00,2026-04-14T17:40:41-07:00,1,21
style.css,7,css,b6ee90c1,gsriram67,2026-04-07,16:42:50,-07:00,2026-04-07T16:42:50-07:00,1,30
style.css,8,css,b6ee90c1,gsriram67,2026-04-07,16:42:50,-07:00,2026-04-07T16:42:50-07:00,0,0
style.css,9,css,b6ee90c1,gsriram67,2026-04-07,16:42:50,-07:00,2026-04-07T16:42:50-07:00,0,0
style.css,10,css,0a44c1c6,gsriram67,2026-04-01,18:20:11,-07:00,2026-04-01T18:20:11-07:00,0,2
style.css,11,css,b6ee90c1,gsriram67,2026-04-07,16:42:50,-07:00,2026-04-07T16:42:50-07:00,1,21
style.css,12,css,ced2c2d0,gsriram67,2026-04-27,22:37:36,-07:00,2026-04-27T22:37:36-07:00,1,12
style.css,13,css,b6ee90c1,gsriram67,2026-04-07,16:42:50,-07:00,2026-04-07T16:42:50-07:00,1,16
style.css,14,css,b6ee90c1,gsriram67,2026-04-07,16:42:50,-07:00,2026-04-07T16:42:50-07:00,1,9
style.css,15,css,b6ee90c1,gsriram67,2026-04-07,16:42:50,-07:00,2026-04-07T16:42:50-07:00,0,0
style.css,16,css,b6ee90c1,gsriram67,2026-04-07,16:42:50,-07:00,2026-04-07T16:42:50-07:00,0,0
style.css,17,css,3fda5c46,gsriram67,2026-04-14,17:40:41,-07:00,2026-04-14T17:40:41-07:00,0,0
style.css,18,css,3fda5c46,gsriram67,2026-04-14,17:40:41,-07:00,2026-04-14T17:40:41-07:00,0,0
style.css,19,css,b6ee90c1,gsriram67,2026-04-07,16:42:50,-07:00,2026-04-07T16:42:50-07:00,0,1
style.css,20,css,b6ee90c1,gsriram67,2026-04-07,16:42:50,-07:00,2026-04-07T16:42:50-07:00,1,12
style.css,21,css,b6ee90c1,gsriram67,2026-04-07,16:42:50,-07:00,2026-04-07T16:42:50-07:00,0,0
style.css,22,css,b6ee90c1,gsriram67,2026-04-07,16:42:50,-07:00,2026-04-07T16:42:50-07:00,0,0
style.css,23,css,b6ee90c1,gsriram67,2026-04-07,16:42:50,-07:00,2026-04-07T16:42:50-07:00,0,1
style.css,24,css,b6ee90c1,gsriram67,2026-04-07,16:42:50,-07:00,2026-04-07T16:42:50-07:00,1,10
style.css,25,css,3fda5c46,gsriram67,2026-04-14,17:40:41,-07:00,2026-04-14T17:40:41-07:00,1,37
style.css,26,css,b6ee90c1,gsriram67,2026-04-07,16:42:50,-07:00,2026-04-07T16:42:50-07:00,0,0
style.css,27,css,b6ee90c1,gsriram67,2026-04-07,16:42:50,-07:00,2026-04-07T16:42:50-07:00,1,0
style.css,28,css,b6ee90c1,gsriram67,2026-04-07,16:42:50,-07:00,2026-04-07T16:42:50-07:00,2,4
style.css,29,css,b6ee90c1,gsriram67,2026-04-07,16:42:50,-07:00,2026-04-07T16:42:50-07:00,2,18
style.css,30,css,b6ee90c1,gsriram67,2026-04-07,16:42:50,-07:00,2026-04-07T16:42:50-07:00,2,11
style.css,31,css,b6ee90c1,gsriram67,2026-04-07,16:42:50,-07:00,2026-04-07T16:42:50-07:00,2,15
style.css,32,css,b6ee90c1,gsriram67,2026-04-07,16:42:50,-07:00,2026-04-07T16:42:50-07:00,2,11
style.css,33,css,b6ee90c1,gsriram67,2026-04-07,16:42:50,-07:00,2026-04-07T16:42:50-07:00,0,0
style.css,34,css,b6ee90c1,gsriram67,2026-04-07,16:42:50,-07:00,2026-04-07T16:42:50-07:00,1,0
style.css,35,css,b6ee90c1,gsriram67,2026-04-07,16:42:50,-07:00,2026-04-07T16:42:50-07:00,0,0
style.css,36,css,b6ee90c1,gsriram67,2026-04-07,16:42:50,-07:00,2026-04-07T16:42:50-07:00,1,7
style.css,37,css,b6ee90c1,gsriram67,2026-04-07,16:42:50,-07:00,2026-04-07T16:42:50-07:00,2,18
style.css,38,css,b6ee90c1,gsriram67,2026-04-07,16:42:50,-07:00,2026-04-07T16:42:50-07:00,2,41
style.css,39,css,b6ee90c1,gsriram67,2026-04-07,16:42:50,-07:00,2026-04-07T16:42:50-07:00,1,0
style.css,40,css,b6ee90c1,gsriram67,2026-04-07,16:42:50,-07:00,2026-04-07T16:42:50-07:00,0,0
style.css,41,css,b6ee90c1,gsriram67,2026-04-07,16:42:50,-07:00,2026-04-07T16:42:50-07:00,1,5
style.css,42,css,b6ee90c1,gsriram67,2026-04-07,16:42:50,-07:00,2026-04-07T16:42:50-07:00,2,18
style.css,43,css,b6ee90c1,gsriram67,2026-04-07,16:42:50,-07:00,2026-04-07T16:42:50-07:00,2,43
style.css,44,css,3fda5c46,gsriram67,2026-04-14,17:40:41,-07:00,2026-04-14T17:40:41-07:00,2,67
style.css,45,css,b6ee90c1,gsriram67,2026-04-07,16:42:50,-07:00,2026-04-07T16:42:50-07:00,1,0
style.css,46,css,b6ee90c1,gsriram67,2026-04-07,16:42:50,-07:00,2026-04-07T16:42:50-07:00,0,0
style.css,47,css,b6ee90c1,gsriram67,2026-04-07,16:42:50,-07:00,2026-04-07T16:42:50-07:00,1,15
style.css,48,css,3fda5c46,gsriram67,2026-04-14,17:40:41,-07:00,2026-04-14T17:40:41-07:00,1,41
style.css,49,css,b6ee90c1,gsriram67,2026-04-07,16:42:50,-07:00,2026-04-07T16:42:50-07:00,0,0
style.css,50,css,b6ee90c1,gsriram67,2026-04-07,16:42:50,-07:00,2026-04-07T16:42:50-07:00,0,0
style.css,51,css,b6ee90c1,gsriram67,2026-04-07,16:42:50,-07:00,2026-04-07T16:42:50-07:00,0,5
style.css,52,css,b6ee90c1,gsriram67,2026-04-07,16:42:50,-07:00,2026-04-07T16:42:50-07:00,0,2
style.css,53,css,3fda5c46,gsriram67,2026-04-14,17:40:41,-07:00,2026-04-14T17:40:41-07:00,0,3
style.css,54,css,3fda5c46,gsriram67,2026-04-14,17:40:41,-07:00,2026-04-14T17:40:41-07:00,0,4
style.css,55,css,b6ee90c1,gsriram67,2026-04-07,16:42:50,-07:00,2026-04-07T16:42:50-07:00,1,10
style.css,56,css,b6ee90c1,gsriram67,2026-04-07,16:42:50,-07:00,2026-04-07T16:42:50-07:00,0,0
style.css,57,css,b6ee90c1,gsriram67,2026-04-07,16:42:50,-07:00,2026-04-07T16:42:50-07:00,0,0
style.css,58,css,b6ee90c1,gsriram67,2026-04-07,16:42:50,-07:00,2026-04-07T16:42:50-07:00,0,2
style.css,59,css,b6ee90c1,gsriram67,2026-04-07,16:42:50,-07:00,2026-04-07T16:42:50-07:00,1,10
style.css,60,css,b6ee90c1,gsriram67,2026-04-07,16:42:50,-07:00,2026-04-07T16:42:50-07:00,1,28
style.css,61,css,b6ee90c1,gsriram67,2026-04-07,16:42:50,-07:00,2026-04-07T16:42:50-07:00,0,0
style.css,62,css,b6ee90c1,gsriram67,2026-04-07,16:42:50,-07:00,2026-04-07T16:42:50-07:00,1,3
style.css,63,css,b6ee90c1,gsriram67,2026-04-07,16:42:50,-07:00,2026-04-07T16:42:50-07:00,2,10
style.css,64,css,b6ee90c1,gsriram67,2026-04-07,16:42:50,-07:00,2026-04-07T16:42:50-07:00,2,27
style.css,65,css,b6ee90c1,gsriram67,2026-04-07,16:42:50,-07:00,2026-04-07T16:42:50-07:00,1,0
style.css,66,css,b6ee90c1,gsriram67,2026-04-07,16:42:50,-07:00,2026-04-07T16:42:50-07:00,0,0
style.css,67,css,b6ee90c1,gsriram67,2026-04-07,16:42:50,-07:00,2026-04-07T16:42:50-07:00,1,3
style.css,68,css,b6ee90c1,gsriram67,2026-04-07,16:42:50,-07:00,2026-04-07T16:42:50-07:00,1,3
style.css,69,css,b6ee90c1,gsriram67,2026-04-07,16:42:50,-07:00,2026-04-07T16:42:50-07:00,2,16
style.css,70,css,b6ee90c1,gsriram67,2026-04-07,16:42:50,-07:00,2026-04-07T16:42:50-07:00,1,0
style.css,71,css,b6ee90c1,gsriram67,2026-04-07,16:42:50,-07:00,2026-04-07T16:42:50-07:00,0,0
style.css,72,css,b6ee90c1,gsriram67,2026-04-07,16:42:50,-07:00,2026-04-07T16:42:50-07:00,1,5
style.css,73,css,b6ee90c1,gsriram67,2026-04-07,16:42:50,-07:00,2026-04-07T16:42:50-07:00,0,0
style.css,74,css,b6ee90c1,gsriram67,2026-04-07,16:42:50,-07:00,2026-04-07T16:42:50-07:00,0,0
style.css,75,css,3fda5c46,gsriram67,2026-04-14,17:40:41,-07:00,2026-04-14T17:40:41-07:00,0,16
style.css,76,css,3fda5c46,gsriram67,2026-04-14,17:40:41,-07:00,2026-04-14T17:40:41-07:00,1,15
style.css,77,css,3fda5c46,gsriram67,2026-04-14,17:40:41,-07:00,2026-04-14T17:40:41-07:00,1,6
style.css,78,css,3fda5c46,gsriram67,2026-04-14,17:40:41,-07:00,2026-04-14T17:40:41-07:00,1,8
style.css,79,css,3fda5c46,gsriram67,2026-04-14,17:40:41,-07:00,2026-04-14T17:40:41-07:00,1,11
style.css,80,css,3fda5c46,gsriram67,2026-04-14,17:40:41,-07:00,2026-04-14T17:40:41-07:00,0,0
style.css,81,css,3fda5c46,gsriram67,2026-04-14,17:40:41,-07:00,2026-04-14T17:40:41-07:00,0,0
style.css,82,css,b6ee90c1,gsriram67,2026-04-07,16:42:50,-07:00,2026-04-07T16:42:50-07:00,0,7
style.css,83,css,b6ee90c1,gsriram67,2026-04-07,16:42:50,-07:00,2026-04-07T16:42:50-07:00,1,10
style.css,84,css,b6ee90c1,gsriram67,2026-04-07,16:42:50,-07:00,2026-04-07T16:42:50-07:00,1,56
style.css,85,css,b6ee90c1,gsriram67,2026-04-07,16:42:50,-07:00,2026-04-07T16:42:50-07:00,0,0
style.css,86,css,b6ee90c1,gsriram67,2026-04-07,16:42:50,-07:00,2026-04-07T16:42:50-07:00,1,5
style.css,87,css,b6ee90c1,gsriram67,2026-04-07,16:42:50,-07:00,2026-04-07T16:42:50-07:00,0,0
style.css,88,css,b6ee90c1,gsriram67,2026-04-07,16:42:50,-07:00,2026-04-07T16:42:50-07:00,1,5
style.css,89,css,b6ee90c1,gsriram67,2026-04-07,16:42:50,-07:00,2026-04-07T16:42:50-07:00,2,10
style.css,90,css,b6ee90c1,gsriram67,2026-04-07,16:42:50,-07:00,2026-04-07T16:42:50-07:00,2,24
style.css,91,css,b6ee90c1,gsriram67,2026-04-07,16:42:50,-07:00,2026-04-07T16:42:50-07:00,2,13
style.css,92,css,b6ee90c1,gsriram67,2026-04-07,16:42:50,-07:00,2026-04-07T16:42:50-07:00,0,0
style.css,93,css,b6ee90c1,gsriram67,2026-04-07,16:42:50,-07:00,2026-04-07T16:42:50-07:00,2,0
style.css,94,css,b6ee90c1,gsriram67,2026-04-07,16:42:50,-07:00,2026-04-07T16:42:50-07:00,3,6
style.css,95,css,b6ee90c1,gsriram67,2026-04-07,16:42:50,-07:00,2026-04-07T16:42:50-07:00,2,0
style.css,96,css,b6ee90c1,gsriram67,2026-04-07,16:42:50,-07:00,2026-04-07T16:42:50-07:00,1,0
style.css,97,css,1ea1c491,gsriram67,2026-04-27,20:48:30,-07:00,2026-04-27T20:48:30-07:00,0,0
style.css,98,css,1ea1c491,gsriram67,2026-04-27,20:48:30,-07:00,2026-04-27T20:48:30-07:00,1,11
style.css,99,css,1ea1c491,gsriram67,2026-04-27,20:48:30,-07:00,2026-04-27T20:48:30-07:00,2,8
style.css,100,css,1ea1c491,gsriram67,2026-04-27,20:48:30,-07:00,2026-04-27T20:48:30-07:00,1,0
style.css,101,css,b6ee90c1,gsriram67,2026-04-07,16:42:50,-07:00,2026-04-07T16:42:50-07:00,0,0
style.css,102,css,b6ee90c1,gsriram67,2026-04-07,16:42:50,-07:00,2026-04-07T16:42:50-07:00,0,0
style.css,103,css,b6ee90c1,gsriram67,2026-04-07,16:42:50,-07:00,2026-04-07T16:42:50-07:00,0,0
style.css,104,css,b6ee90c1,gsriram67,2026-04-07,16:42:50,-07:00,2026-04-07T16:42:50-07:00,1,21
style.css,105,css,b6ee90c1,gsriram67,2026-04-07,16:42:50,-07:00,2026-04-07T16:42:50-07:00,0,0
style.css,106,css,b6ee90c1,gsriram67,2026-04-07,16:42:50,-07:00,2026-04-07T16:42:50-07:00,0,0
style.css,107,css,b6ee90c1,gsriram67,2026-04-07,16:42:50,-07:00,2026-04-07T16:42:50-07:00,0,0
style.css,108,css,b6ee90c1,gsriram67,2026-04-07,16:42:50,-07:00,2026-04-07T16:42:50-07:00,0,0
style.css,109,css,b6ee90c1,gsriram67,2026-04-07,16:42:50,-07:00,2026-04-07T16:42:50-07:00,0,0
style.css,110,css,b6ee90c1,gsriram67,2026-04-07,16:42:50,-07:00,2026-04-07T16:42:50-07:00,0,0
style.css,111,css,b6ee90c1,gsriram67,2026-04-07,16:42:50,-07:00,2026-04-07T16:42:50-07:00,0,0
style.css,112,css,b6ee90c1,gsriram67,2026-04-07,16:42:50,-07:00,2026-04-07T16:42:50-07:00,0,0
style.css,113,css,b6ee90c1,gsriram67,2026-04-07,16:42:50,-07:00,2026-04-07T16:42:50-07:00,1,13
style.css,114,css,b6ee90c1,gsriram67,2026-04-07,16:42:50,-07:00,2026-04-07T16:42:50-07:00,1,15
style.css,115,css,b6ee90c1,gsriram67,2026-04-07,16:42:50,-07:00,2026-04-07T16:42:50-07:00,0,0
style.css,116,css,b6ee90c1,gsriram67,2026-04-07,16:42:50,-07:00,2026-04-07T16:42:50-07:00,0,0
style.css,117,css,2427651a,gsriram67,2026-04-07,17:32:09,-07:00,2026-04-07T17:32:09-07:00,0,5
style.css,118,css,b6ee90c1,gsriram67,2026-04-07,16:42:50,-07:00,2026-04-07T16:42:50-07:00,1,5
style.css,119,css,2427651a,gsriram67,2026-04-07,17:32:09,-07:00,2026-04-07T17:32:09-07:00,0,0
style.css,120,css,2427651a,gsriram67,2026-04-07,17:32:09,-07:00,2026-04-07T17:32:09-07:00,1,13
style.css,121,css,2427651a,gsriram67,2026-04-07,17:32:09,-07:00,2026-04-07T17:32:09-07:00,2,28
style.css,122,css,2427651a,gsriram67,2026-04-07,17:32:09,-07:00,2026-04-07T17:32:09-07:00,1,0
style.css,123,css,2427651a,gsriram67,2026-04-07,17:32:09,-07:00,2026-04-07T17:32:09-07:00,0,0
style.css,124,css,2427651a,gsriram67,2026-04-07,17:32:09,-07:00,2026-04-07T17:32:09-07:00,1,16
style.css,125,css,b6ee90c1,gsriram67,2026-04-07,16:42:50,-07:00,2026-04-07T16:42:50-07:00,2,10
style.css,126,css,2427651a,gsriram67,2026-04-07,17:32:09,-07:00,2026-04-07T17:32:09-07:00,2,29
style.css,127,css,2427651a,gsriram67,2026-04-07,17:32:09,-07:00,2026-04-07T17:32:09-07:00,2,16
style.css,128,css,b6ee90c1,gsriram67,2026-04-07,16:42:50,-07:00,2026-04-07T16:42:50-07:00,0,0
style.css,129,css,2427651a,gsriram67,2026-04-07,17:32:09,-07:00,2026-04-07T17:32:09-07:00,2,10
style.css,130,css,2427651a,gsriram67,2026-04-07,17:32:09,-07:00,2026-04-07T17:32:09-07:00,3,14
style.css,131,css,b6ee90c1,gsriram67,2026-04-07,16:42:50,-07:00,2026-04-07T16:42:50-07:00,2,0
style.css,132,css,b6ee90c1,gsriram67,2026-04-07,16:42:50,-07:00,2026-04-07T16:42:50-07:00,1,0
style.css,133,css,0a44c1c6,gsriram67,2026-04-01,18:20:11,-07:00,2026-04-01T18:20:11-07:00,0,0
style.css,134,css,69242fcb,gsriram67,2026-04-20,18:43:36,-07:00,2026-04-20T18:43:36-07:00,0,0
style.css,135,css,69242fcb,gsriram67,2026-04-20,18:43:36,-07:00,2026-04-20T18:43:36-07:00,0,15
style.css,136,css,69242fcb,gsriram67,2026-04-20,18:43:36,-07:00,2026-04-20T18:43:36-07:00,1,0
style.css,137,css,69242fcb,gsriram67,2026-04-20,18:43:36,-07:00,2026-04-20T18:43:36-07:00,2,10
style.css,138,css,69242fcb,gsriram67,2026-04-20,18:43:36,-07:00,2026-04-20T18:43:36-07:00,2,35
style.css,139,css,69242fcb,gsriram67,2026-04-20,18:43:36,-07:00,2026-04-20T18:43:36-07:00,2,16
style.css,140,css,69242fcb,gsriram67,2026-04-20,18:43:36,-07:00,2026-04-20T18:43:36-07:00,2,18
style.css,141,css,69242fcb,gsriram67,2026-04-20,18:43:36,-07:00,2026-04-20T18:43:36-07:00,0,0
style.css,142,css,69242fcb,gsriram67,2026-04-20,18:43:36,-07:00,2026-04-20T18:43:36-07:00,2,0
style.css,143,css,69242fcb,gsriram67,2026-04-20,18:43:36,-07:00,2026-04-20T18:43:36-07:00,3,15
style.css,144,css,69242fcb,gsriram67,2026-04-20,18:43:36,-07:00,2026-04-20T18:43:36-07:00,3,8
style.css,145,css,69242fcb,gsriram67,2026-04-20,18:43:36,-07:00,2026-04-20T18:43:36-07:00,2,0
style.css,146,css,69242fcb,gsriram67,2026-04-20,18:43:36,-07:00,2026-04-20T18:43:36-07:00,0,0
style.css,147,css,69242fcb,gsriram67,2026-04-20,18:43:36,-07:00,2026-04-20T18:43:36-07:00,2,0
style.css,148,css,69242fcb,gsriram67,2026-04-20,18:43:36,-07:00,2026-04-20T18:43:36-07:00,3,16
style.css,149,css,69242fcb,gsriram67,2026-04-20,18:43:36,-07:00,2026-04-20T18:43:36-07:00,3,8
style.css,150,css,69242fcb,gsriram67,2026-04-20,18:43:36,-07:00,2026-04-20T18:43:36-07:00,2,0
style.css,151,css,69242fcb,gsriram67,2026-04-20,18:43:36,-07:00,2026-04-20T18:43:36-07:00,0,0
style.css,152,css,69242fcb,gsriram67,2026-04-20,18:43:36,-07:00,2026-04-20T18:43:36-07:00,1,0
style.css,153,css,69242fcb,gsriram67,2026-04-20,18:43:36,-07:00,2026-04-20T18:43:36-07:00,0,0
style.css,154,css,1ea1c491,gsriram67,2026-04-27,20:48:30,-07:00,2026-04-27T20:48:30-07:00,0,0
style.css,155,css,1ea1c491,gsriram67,2026-04-27,20:48:30,-07:00,2026-04-27T20:48:30-07:00,0,12
style.css,156,css,1ea1c491,gsriram67,2026-04-27,20:48:30,-07:00,2026-04-27T20:48:30-07:00,1,12
style.css,157,css,1ea1c491,gsriram67,2026-04-27,20:48:30,-07:00,2026-04-27T20:48:30-07:00,1,14
style.css,158,css,1ea1c491,gsriram67,2026-04-27,20:48:30,-07:00,2026-04-27T20:48:30-07:00,0,0
style.css,159,css,1ea1c491,gsriram67,2026-04-27,20:48:30,-07:00,2026-04-27T20:48:30-07:00,1,14
style.css,160,css,1ea1c491,gsriram67,2026-04-27,20:48:30,-07:00,2026-04-27T20:48:30-07:00,0,0
style.css,161,css,ced2c2d0,gsriram67,2026-04-27,22:37:36,-07:00,2026-04-27T22:37:36-07:00,0,0
style.css,162,css,ced2c2d0,gsriram67,2026-04-27,22:37:36,-07:00,2026-04-27T22:37:36-07:00,0,8
style.css,163,css,ced2c2d0,gsriram67,2026-04-27,22:37:36,-07:00,2026-04-27T22:37:36-07:00,1,10
style.css,164,css,ced2c2d0,gsriram67,2026-04-27,22:37:36,-07:00,2026-04-27T22:37:36-07:00,1,16
style.css,165,css,ced2c2d0,gsriram67,2026-04-27,22:37:36,-07:00,2026-04-27T22:37:36-07:00,1,5
style.css,166,css,ced2c2d0,gsriram67,2026-04-27,22:37:36,-07:00,2026-04-27T22:37:36-07:00,0,0
style.css,167,css,ced2c2d0,gsriram67,2026-04-27,22:37:36,-07:00,2026-04-27T22:37:36-07:00,0,0
style.css,168,css,ced2c2d0,gsriram67,2026-04-27,22:37:36,-07:00,2026-04-27T22:37:36-07:00,0,5
style.css,169,css,ced2c2d0,gsriram67,2026-04-27,22:37:36,-07:00,2026-04-27T22:37:36-07:00,1,10
style.css,170,css,ced2c2d0,gsriram67,2026-04-27,22:37:36,-07:00,2026-04-27T22:37:36-07:00,1,55
style.css,171,css,ced2c2d0,gsriram67,2026-04-27,22:37:36,-07:00,2026-04-27T22:37:36-07:00,1,4
style.css,172,css,ced2c2d0,gsriram67,2026-04-27,22:37:36,-07:00,2026-04-27T22:37:36-07:00,1,18
style.css,173,css,ced2c2d0,gsriram67,2026-04-27,22:37:36,-07:00,2026-04-27T22:37:36-07:00,1,16
style.css,174,css,ced2c2d0,gsriram67,2026-04-27,22:37:36,-07:00,2026-04-27T22:37:36-07:00,1,23
style.css,175,css,ced2c2d0,gsriram67,2026-04-27,22:37:36,-07:00,2026-04-27T22:37:36-07:00,1,14
style.css,176,css,ced2c2d0,gsriram67,2026-04-27,22:37:36,-07:00,2026-04-27T22:37:36-07:00,1,17
style.css,177,css,ced2c2d0,gsriram67,2026-04-27,22:37:36,-07:00,2026-04-27T22:37:36-07:00,0,0
style.css,178,css,ced2c2d0,gsriram67,2026-04-27,22:37:36,-07:00,2026-04-27T22:37:36-07:00,1,10
style.css,179,css,ced2c2d0,gsriram67,2026-04-27,22:37:36,-07:00,2026-04-27T22:37:36-07:00,2,10
style.css,180,css,ced2c2d0,gsriram67,2026-04-27,22:37:36,-07:00,2026-04-27T22:37:36-07:00,2,16
style.css,181,css,ced2c2d0,gsriram67,2026-04-27,22:37:36,-07:00,2026-04-27T22:37:36-07:00,2,8
style.css,182,css,ced2c2d0,gsriram67,2026-04-27,22:37:36,-07:00,2026-04-27T22:37:36-07:00,1,0
style.css,183,css,ced2c2d0,gsriram67,2026-04-27,22:37:36,-07:00,2026-04-27T22:37:36-07:00,0,0
style.css,184,css,ced2c2d0,gsriram67,2026-04-27,22:37:36,-07:00,2026-04-27T22:37:36-07:00,1,5
style.css,185,css,ced2c2d0,gsriram67,2026-04-27,22:37:36,-07:00,2026-04-27T22:37:36-07:00,2,8
style.css,186,css,ced2c2d0,gsriram67,2026-04-27,22:37:36,-07:00,2026-04-27T22:37:36-07:00,2,9
style.css,187,css,ced2c2d0,gsriram67,2026-04-27,22:37:36,-07:00,2026-04-27T22:37:36-07:00,2,27
style.css,188,css,ced2c2d0,gsriram67,2026-04-27,22:37:36,-07:00,2026-04-27T22:37:36-07:00,2,15
style.css,189,css,ced2c2d0,gsriram67,2026-04-27,22:37:36,-07:00,2026-04-27T22:37:36-07:00,2,17
style.css,190,css,ced2c2d0,gsriram67,2026-04-27,22:37:36,-07:00,2026-04-27T22:37:36-07:00,2,19
style.css,191,css,ced2c2d0,gsriram67,2026-04-27,22:37:36,-07:00,2026-04-27T22:37:36-07:00,1,0
style.css,192,css,ced2c2d0,gsriram67,2026-04-27,22:37:36,-07:00,2026-04-27T22:37:36-07:00,0,0
style.css,193,css,ced2c2d0,gsriram67,2026-04-27,22:37:36,-07:00,2026-04-27T22:37:36-07:00,1,0
style.css,194,css,ced2c2d0,gsriram67,2026-04-27,22:37:36,-07:00,2026-04-27T22:37:36-07:00,2,8
style.css,195,css,ced2c2d0,gsriram67,2026-04-27,22:37:36,-07:00,2026-04-27T22:37:36-07:00,1,0
style.css,196,css,ced2c2d0,gsriram67,2026-04-27,22:37:36,-07:00,2026-04-27T22:37:36-07:00,0,0
style.css,197,css,ced2c2d0,gsriram67,2026-04-27,22:37:36,-07:00,2026-04-27T22:37:36-07:00,0,0
style.css,198,css,ced2c2d0,gsriram67,2026-04-27,22:37:36,-07:00,2026-04-27T22:37:36-07:00,0,15
style.css,199,css,ced2c2d0,gsriram67,2026-04-27,22:37:36,-07:00,2026-04-27T22:37:36-07:00,1,14
style.css,200,css,ced2c2d0,gsriram67,2026-04-27,22:37:36,-07:00,2026-04-27T22:37:36-07:00,2,9
style.css,201,css,ced2c2d0,gsriram67,2026-04-27,22:37:36,-07:00,2026-04-27T22:37:36-07:00,1,0
style.css,202,css,ced2c2d0,gsriram67,2026-04-27,22:37:36,-07:00,2026-04-27T22:37:36-07:00,0,0
style.css,203,css,ced2c2d0,gsriram67,2026-04-27,22:37:36,-07:00,2026-04-27T22:37:36-07:00,0,0
style.css,204,css,ced2c2d0,gsriram67,2026-04-27,22:37:36,-07:00,2026-04-27T22:37:36-07:00,0,2
style.css,205,css,ced2c2d0,gsriram67,2026-04-27,22:37:36,-07:00,2026-04-27T22:37:36-07:00,1,14
style.css,206,css,ced2c2d0,gsriram67,2026-04-27,22:37:36,-07:00,2026-04-27T22:37:36-07:00,0,0
style.css,207,css,ced2c2d0,gsriram67,2026-04-27,22:37:36,-07:00,2026-04-27T22:37:36-07:00,0,0
style.css,208,css,ced2c2d0,gsriram67,2026-04-27,22:37:36,-07:00,2026-04-27T22:37:36-07:00,0,7
style.css,209,css,ced2c2d0,gsriram67,2026-04-27,22:37:36,-07:00,2026-04-27T22:37:36-07:00,1,33
style.css,210,css,ced2c2d0,gsriram67,2026-04-27,22:37:36,-07:00,2026-04-27T22:37:36-07:00,0,0
style.css,211,css,ced2c2d0,gsriram67,2026-04-27,22:37:36,-07:00,2026-04-27T22:37:36-07:00,1,8
style.css,212,css,ced2c2d0,gsriram67,2026-04-27,22:37:36,-07:00,2026-04-27T22:37:36-07:00,2,15
style.css,213,css,ced2c2d0,gsriram67,2026-04-27,22:37:36,-07:00,2026-04-27T22:37:36-07:00,1,0
style.css,214,css,ced2c2d0,gsriram67,2026-04-27,22:37:36,-07:00,2026-04-27T22:37:36-07:00,0,0
style.css,215,css,ced2c2d0,gsriram67,2026-04-27,22:37:36,-07:00,2026-04-27T22:37:36-07:00,0,0
style.css,216,css,ced2c2d0,gsriram67,2026-04-27,22:37:36,-07:00,2026-04-27T22:37:36-07:00,0,2
style.css,217,css,ced2c2d0,gsriram67,2026-04-27,22:37:36,-07:00,2026-04-27T22:37:36-07:00,1,12
style.css,218,css,ced2c2d0,gsriram67,2026-04-27,22:37:36,-07:00,2026-04-27T22:37:36-07:00,0,0
index.js,1,js,69242fcb,gsriram67,2026-04-20,18:43:36,-07:00,2026-04-20T18:43:36-07:00,0,68
index.js,2,js,69242fcb,gsriram67,2026-04-20,18:43:36,-07:00,2026-04-20T18:43:36-07:00,0,0
index.js,3,js,69242fcb,gsriram67,2026-04-20,18:43:36,-07:00,2026-04-20T18:43:36-07:00,0,52
index.js,4,js,69242fcb,gsriram67,2026-04-20,18:43:36,-07:00,2026-04-20T18:43:36-07:00,0,40
index.js,5,js,69242fcb,gsriram67,2026-04-20,18:43:36,-07:00,2026-04-20T18:43:36-07:00,0,58
index.js,6,js,69242fcb,gsriram67,2026-04-20,18:43:36,-07:00,2026-04-20T18:43:36-07:00,0,52
index.js,7,js,69242fcb,gsriram67,2026-04-20,18:43:36,-07:00,2026-04-20T18:43:36-07:00,0,50
index.js,8,js,69242fcb,gsriram67,2026-04-20,18:43:36,-07:00,2026-04-20T18:43:36-07:00,0,58
index.js,9,js,69242fcb,gsriram67,2026-04-20,18:43:36,-07:00,2026-04-20T18:43:36-07:00,0,15
index.js,10,js,69242fcb,gsriram67,2026-04-20,18:43:36,-07:00,2026-04-20T18:43:36-07:00,0,22
index.js,11,js,69242fcb,gsriram67,2026-04-20,18:43:36,-07:00,2026-04-20T18:43:36-07:00,2,0
index.js,12,js,69242fcb,gsriram67,2026-04-20,18:43:36,-07:00,2026-04-20T18:43:36-07:00,2,53
index.js,13,js,69242fcb,gsriram67,2026-04-20,18:43:36,-07:00,2026-04-20T18:43:36-07:00,2,53
index.js,14,js,69242fcb,gsriram67,2026-04-20,18:43:36,-07:00,2026-04-20T18:43:36-07:00,2,47
index.js,15,js,69242fcb,gsriram67,2026-04-20,18:43:36,-07:00,2026-04-20T18:43:36-07:00,2,47
index.js,16,js,69242fcb,gsriram67,2026-04-20,18:43:36,-07:00,2026-04-20T18:43:36-07:00,2,1
index.js,17,js,69242fcb,gsriram67,2026-04-20,18:43:36,-07:00,2026-04-20T18:43:36-07:00,1,0
index.js,18,js,69242fcb,gsriram67,2026-04-20,18:43:36,-07:00,2026-04-20T18:43:36-07:00,0,0
index.html,1,html,f4db335,gsriram67,2026-04-01,17:59:39,-07:00,2026-04-01T17:59:39-07:00,0,11
index.html,2,html,f4db335,gsriram67,2026-04-01,17:59:39,-07:00,2026-04-01T17:59:39-07:00,0,12
index.html,3,html,69242fcb,gsriram67,2026-04-20,18:43:36,-07:00,2026-04-20T18:43:36-07:00,0,0
index.html,4,html,f4db335,gsriram67,2026-04-01,17:59:39,-07:00,2026-04-01T17:59:39-07:00,0,2
index.html,5,html,f4db335,gsriram67,2026-04-01,17:59:39,-07:00,2026-04-01T17:59:39-07:00,1,18
index.html,6,html,f4db335,gsriram67,2026-04-01,17:59:39,-07:00,2026-04-01T17:59:39-07:00,1,66
index.html,7,html,0a44c1c6,gsriram67,2026-04-01,18:20:11,-07:00,2026-04-01T18:20:11-07:00,1,36
index.html,8,html,1d08cd73,gsriram67,2026-04-15,19:59:55,-07:00,2026-04-15T19:59:55-07:00,1,43
index.html,9,html,69242fcb,gsriram67,2026-04-20,18:43:36,-07:00,2026-04-20T18:43:36-07:00,1,48
index.html,10,html,f4db335,gsriram67,2026-04-01,17:59:39,-07:00,2026-04-01T17:59:39-07:00,1,53
index.html,11,html,f4db335,gsriram67,2026-04-01,17:59:39,-07:00,2026-04-01T17:59:39-07:00,0,3
index.html,12,html,69242fcb,gsriram67,2026-04-20,18:43:36,-07:00,2026-04-20T18:43:36-07:00,0,0
index.html,13,html,f4db335,gsriram67,2026-04-01,17:59:39,-07:00,2026-04-01T17:59:39-07:00,0,2
index.html,14,html,69242fcb,gsriram67,2026-04-20,18:43:36,-07:00,2026-04-20T18:43:36-07:00,1,18
index.html,15,html,69242fcb,gsriram67,2026-04-20,18:43:36,-07:00,2026-04-20T18:43:36-07:00,1,109
index.html,16,html,69242fcb,gsriram67,2026-04-20,18:43:36,-07:00,2026-04-20T18:43:36-07:00,2,10
index.html,17,html,0a44c1c6,gsriram67,2026-04-01,18:20:11,-07:00,2026-04-01T18:20:11-07:00,1,104
index.html,18,html,69242fcb,gsriram67,2026-04-20,18:43:36,-07:00,2026-04-20T18:43:36-07:00,0,0
index.html,19,html,69242fcb,gsriram67,2026-04-20,18:43:36,-07:00,2026-04-20T18:43:36-07:00,1,20
index.html,20,html,69242fcb,gsriram67,2026-04-20,18:43:36,-07:00,2026-04-20T18:43:36-07:00,1,18
index.html,21,html,69242fcb,gsriram67,2026-04-20,18:43:36,-07:00,2026-04-20T18:43:36-07:00,2,47
index.html,22,html,69242fcb,gsriram67,2026-04-20,18:43:36,-07:00,2026-04-20T18:43:36-07:00,1,2
index.html,23,html,69242fcb,gsriram67,2026-04-20,18:43:36,-07:00,2026-04-20T18:43:36-07:00,1,20
index.html,24,html,69242fcb,gsriram67,2026-04-20,18:43:36,-07:00,2026-04-20T18:43:36-07:00,1,20
index.html,25,html,69242fcb,gsriram67,2026-04-20,18:43:36,-07:00,2026-04-20T18:43:36-07:00,1,2
index.html,26,html,f4db335,gsriram67,2026-04-01,17:59:39,-07:00,2026-04-01T17:59:39-07:00,0,3
index.html,27,html,69242fcb,gsriram67,2026-04-20,18:43:36,-07:00,2026-04-20T18:43:36-07:00,0,0
index.html,28,html,f4db335,gsriram67,2026-04-01,17:59:39,-07:00,2026-04-01T17:59:39-07:00,0,3
global.js,1,js,3fda5c46,gsriram67,2026-04-14,17:40:41,-07:00,2026-04-14T17:40:41-07:00,0,23
global.js,2,js,3fda5c46,gsriram67,2026-04-14,17:40:41,-07:00,2026-04-14T17:40:41-07:00,0,0
global.js,3,js,3fda5c46,gsriram67,2026-04-14,17:40:41,-07:00,2026-04-14T17:40:41-07:00,0,9
global.js,4,js,3fda5c46,gsriram67,2026-04-14,17:40:41,-07:00,2026-04-14T17:40:41-07:00,1,23
global.js,5,js,3fda5c46,gsriram67,2026-04-14,17:40:41,-07:00,2026-04-14T17:40:41-07:00,1,36
global.js,6,js,3fda5c46,gsriram67,2026-04-14,17:40:41,-07:00,2026-04-14T17:40:41-07:00,1,32
global.js,7,js,3fda5c46,gsriram67,2026-04-14,17:40:41,-07:00,2026-04-14T17:40:41-07:00,1,34
global.js,8,js,00000000,Not Committed Yet,2026-05-06,16:42:16,-07:00,2026-05-06T16:42:16-07:00,1,28
global.js,9,js,3fda5c46,gsriram67,2026-04-14,17:40:41,-07:00,2026-04-14T17:40:41-07:00,1,52
global.js,10,js,3fda5c46,gsriram67,2026-04-14,17:40:41,-07:00,2026-04-14T17:40:41-07:00,1,30
global.js,11,js,3fda5c46,gsriram67,2026-04-14,17:40:41,-07:00,2026-04-14T17:40:41-07:00,0,0
global.js,12,js,3fda5c46,gsriram67,2026-04-14,17:40:41,-07:00,2026-04-14T17:40:41-07:00,0,0
global.js,13,js,3fda5c46,gsriram67,2026-04-14,17:40:41,-07:00,2026-04-14T17:40:41-07:00,0,36
global.js,14,js,3fda5c46,gsriram67,2026-04-14,17:40:41,-07:00,2026-04-14T17:40:41-07:00,0,23
global.js,15,js,3fda5c46,gsriram67,2026-04-14,17:40:41,-07:00,2026-04-14T17:40:41-07:00,0,18
global.js,16,js,3fda5c46,gsriram67,2026-04-14,17:40:41,-07:00,2026-04-14T17:40:41-07:00,1,12
global.js,17,js,3fda5c46,gsriram67,2026-04-14,17:40:41,-07:00,2026-04-14T17:40:41-07:00,1,16
global.js,18,js,3fda5c46,gsriram67,2026-04-14,17:40:41,-07:00,2026-04-14T17:40:41-07:00,0,0
global.js,19,js,3fda5c46,gsriram67,2026-04-14,17:40:41,-07:00,2026-04-14T17:40:41-07:00,1,86
global.js,20,js,3fda5c46,gsriram67,2026-04-14,17:40:41,-07:00,2026-04-14T17:40:41-07:00,2,34
global.js,21,js,3fda5c46,gsriram67,2026-04-14,17:40:41,-07:00,2026-04-14T17:40:41-07:00,2,46
global.js,22,js,3fda5c46,gsriram67,2026-04-14,17:40:41,-07:00,2026-04-14T17:40:41-07:00,0,0
global.js,23,js,3fda5c46,gsriram67,2026-04-14,17:40:41,-07:00,2026-04-14T17:40:41-07:00,1,50
global.js,24,js,3fda5c46,gsriram67,2026-04-14,17:40:41,-07:00,2026-04-14T17:40:41-07:00,0,0
global.js,25,js,3fda5c46,gsriram67,2026-04-14,17:40:41,-07:00,2026-04-14T17:40:41-07:00,1,32
global.js,26,js,3fda5c46,gsriram67,2026-04-14,17:40:41,-07:00,2026-04-14T17:40:41-07:00,1,9
global.js,27,js,3fda5c46,gsriram67,2026-04-14,17:40:41,-07:00,2026-04-14T17:40:41-07:00,1,18
global.js,28,js,3fda5c46,gsriram67,2026-04-14,17:40:41,-07:00,2026-04-14T17:40:41-07:00,0,0
global.js,29,js,3fda5c46,gsriram67,2026-04-14,17:40:41,-07:00,2026-04-14T17:40:41-07:00,1,63
global.js,30,js,3fda5c46,gsriram67,2026-04-14,17:40:41,-07:00,2026-04-14T17:40:41-07:00,2,23
global.js,31,js,3fda5c46,gsriram67,2026-04-14,17:40:41,-07:00,2026-04-14T17:40:41-07:00,1,33
global.js,32,js,3fda5c46,gsriram67,2026-04-14,17:40:41,-07:00,2026-04-14T17:40:41-07:00,2,16
global.js,33,js,3fda5c46,gsriram67,2026-04-14,17:40:41,-07:00,2026-04-14T17:40:41-07:00,1,0
global.js,34,js,3fda5c46,gsriram67,2026-04-14,17:40:41,-07:00,2026-04-14T17:40:41-07:00,1,10
global.js,35,js,3fda5c46,gsriram67,2026-04-14,17:40:41,-07:00,2026-04-14T17:40:41-07:00,0,0
global.js,36,js,3fda5c46,gsriram67,2026-04-14,17:40:41,-07:00,2026-04-14T17:40:41-07:00,0,0
global.js,37,js,3fda5c46,gsriram67,2026-04-14,17:40:41,-07:00,2026-04-14T17:40:41-07:00,0,29
global.js,38,js,3fda5c46,gsriram67,2026-04-14,17:40:41,-07:00,2026-04-14T17:40:41-07:00,1,9
global.js,39,js,3fda5c46,gsriram67,2026-04-14,17:40:41,-07:00,2026-04-14T17:40:41-07:00,1,0
global.js,40,js,3fda5c46,gsriram67,2026-04-14,17:40:41,-07:00,2026-04-14T17:40:41-07:00,0,24
global.js,41,js,3fda5c46,gsriram67,2026-04-14,17:40:41,-07:00,2026-04-14T17:40:41-07:00,0,2
global.js,42,js,3fda5c46,gsriram67,2026-04-14,17:40:41,-07:00,2026-04-14T17:40:41-07:00,0,4
global.js,43,js,3fda5c46,gsriram67,2026-04-14,17:40:41,-07:00,2026-04-14T17:40:41-07:00,0,39
global.js,44,js,3fda5c46,gsriram67,2026-04-14,17:40:41,-07:00,2026-04-14T17:40:41-07:00,3,32
global.js,45,js,3fda5c46,gsriram67,2026-04-14,17:40:41,-07:00,2026-04-14T17:40:41-07:00,3,30
global.js,46,js,3fda5c46,gsriram67,2026-04-14,17:40:41,-07:00,2026-04-14T17:40:41-07:00,0,5
global.js,47,js,3fda5c46,gsriram67,2026-04-14,17:40:41,-07:00,2026-04-14T17:40:41-07:00,0,6
global.js,48,js,3fda5c46,gsriram67,2026-04-14,17:40:41,-07:00,2026-04-14T17:40:41-07:00,0,0
global.js,49,js,3fda5c46,gsriram67,2026-04-14,17:40:41,-07:00,2026-04-14T17:40:41-07:00,0,0
global.js,50,js,3fda5c46,gsriram67,2026-04-14,17:40:41,-07:00,2026-04-14T17:40:41-07:00,0,29
global.js,51,js,3fda5c46,gsriram67,2026-04-14,17:40:41,-07:00,2026-04-14T17:40:41-07:00,1,63
global.js,52,js,3fda5c46,gsriram67,2026-04-14,17:40:41,-07:00,2026-04-14T17:40:41-07:00,0,0
global.js,53,js,3fda5c46,gsriram67,2026-04-14,17:40:41,-07:00,2026-04-14T17:40:41-07:00,0,0
global.js,54,js,2f852848,gsriram67,2026-04-16,09:37:17,-07:00,2026-04-16T09:37:17-07:00,0,0
global.js,55,js,2f852848,gsriram67,2026-04-16,09:37:17,-07:00,2026-04-16T09:37:17-07:00,0,41
global.js,56,js,2f852848,gsriram67,2026-04-16,09:37:17,-07:00,2026-04-16T09:37:17-07:00,0,0
global.js,57,js,3fda5c46,gsriram67,2026-04-14,17:40:41,-07:00,2026-04-14T17:40:41-07:00,0,32
global.js,58,js,3fda5c46,gsriram67,2026-04-14,17:40:41,-07:00,2026-04-14T17:40:41-07:00,1,37
global.js,59,js,69242fcb,gsriram67,2026-04-20,18:43:36,-07:00,2026-04-20T18:43:36-07:00,1,35
global.js,60,js,3fda5c46,gsriram67,2026-04-14,17:40:41,-07:00,2026-04-14T17:40:41-07:00,0,0
global.js,61,js,3fda5c46,gsriram67,2026-04-14,17:40:41,-07:00,2026-04-14T17:40:41-07:00,0,0
global.js,62,js,3fda5c46,gsriram67,2026-04-14,17:40:41,-07:00,2026-04-14T17:40:41-07:00,0,47
global.js,63,js,3fda5c46,gsriram67,2026-04-14,17:40:41,-07:00,2026-04-14T17:40:41-07:00,1,31
global.js,64,js,3fda5c46,gsriram67,2026-04-14,17:40:41,-07:00,2026-04-14T17:40:41-07:00,1,42
global.js,65,js,3fda5c46,gsriram67,2026-04-14,17:40:41,-07:00,2026-04-14T17:40:41-07:00,0,0
global.js,66,js,3fda5c46,gsriram67,2026-04-14,17:40:41,-07:00,2026-04-14T17:40:41-07:00,0,0
global.js,67,js,3fda5c46,gsriram67,2026-04-14,17:40:41,-07:00,2026-04-14T17:40:41-07:00,0,0
global.js,68,js,3fda5c46,gsriram67,2026-04-14,17:40:41,-07:00,2026-04-14T17:40:41-07:00,0,37
global.js,69,js,3fda5c46,gsriram67,2026-04-14,17:40:41,-07:00,2026-04-14T17:40:41-07:00,0,46
global.js,70,js,3fda5c46,gsriram67,2026-04-14,17:40:41,-07:00,2026-04-14T17:40:41-07:00,1,18
global.js,71,js,3fda5c46,gsriram67,2026-04-14,17:40:41,-07:00,2026-04-14T17:40:41-07:00,1,26
global.js,72,js,3fda5c46,gsriram67,2026-04-14,17:40:41,-07:00,2026-04-14T17:40:41-07:00,1,22
global.js,73,js,3fda5c46,gsriram67,2026-04-14,17:40:41,-07:00,2026-04-14T17:40:41-07:00,1,12
global.js,74,js,3fda5c46,gsriram67,2026-04-14,17:40:41,-07:00,2026-04-14T17:40:41-07:00,1,43
global.js,75,js,3fda5c46,gsriram67,2026-04-14,17:40:41,-07:00,2026-04-14T17:40:41-07:00,2,48
global.js,76,js,3fda5c46,gsriram67,2026-04-14,17:40:41,-07:00,2026-04-14T17:40:41-07:00,1,0
global.js,77,js,3fda5c46,gsriram67,2026-04-14,17:40:41,-07:00,2026-04-14T17:40:41-07:00,1,44
global.js,78,js,3fda5c46,gsriram67,2026-04-14,17:40:41,-07:00,2026-04-14T17:40:41-07:00,1,36
global.js,79,js,3fda5c46,gsriram67,2026-04-14,17:40:41,-07:00,2026-04-14T17:40:41-07:00,1,21
global.js,80,js,3fda5c46,gsriram67,2026-04-14,17:40:41,-07:00,2026-04-14T17:40:41-07:00,0,0
global.js,81,js,3fda5c46,gsriram67,2026-04-14,17:40:41,-07:00,2026-04-14T17:40:41-07:00,0,0
global.js,82,js,69242fcb,gsriram67,2026-04-20,18:43:36,-07:00,2026-04-20T18:43:36-07:00,0,34
global.js,83,js,69242fcb,gsriram67,2026-04-20,18:43:36,-07:00,2026-04-20T18:43:36-07:00,1,1
global.js,84,js,69242fcb,gsriram67,2026-04-20,18:43:36,-07:00,2026-04-20T18:43:36-07:00,2,30
global.js,85,js,69242fcb,gsriram67,2026-04-20,18:43:36,-07:00,2026-04-20T18:43:36-07:00,2,15
global.js,86,js,69242fcb,gsriram67,2026-04-20,18:43:36,-07:00,2026-04-20T18:43:36-07:00,3,64
global.js,87,js,69242fcb,gsriram67,2026-04-20,18:43:36,-07:00,2026-04-20T18:43:36-07:00,2,0
global.js,88,js,69242fcb,gsriram67,2026-04-20,18:43:36,-07:00,2026-04-20T18:43:36-07:00,2,31
global.js,89,js,69242fcb,gsriram67,2026-04-20,18:43:36,-07:00,2026-04-20T18:43:36-07:00,2,8
global.js,90,js,69242fcb,gsriram67,2026-04-20,18:43:36,-07:00,2026-04-20T18:43:36-07:00,1,13
global.js,91,js,69242fcb,gsriram67,2026-04-20,18:43:36,-07:00,2026-04-20T18:43:36-07:00,2,57
global.js,92,js,69242fcb,gsriram67,2026-04-20,18:43:36,-07:00,2026-04-20T18:43:36-07:00,0,0
global.js,93,js,69242fcb,gsriram67,2026-04-20,18:43:36,-07:00,2026-04-20T18:43:36-07:00,1,0
global.js,94,js,69242fcb,gsriram67,2026-04-20,18:43:36,-07:00,2026-04-20T18:43:36-07:00,0,0
global.js,95,js,69242fcb,gsriram67,2026-04-20,18:43:36,-07:00,2026-04-20T18:43:36-07:00,0,0
global.js,96,js,69242fcb,gsriram67,2026-04-20,18:43:36,-07:00,2026-04-20T18:43:36-07:00,0,77
global.js,97,js,69242fcb,gsriram67,2026-04-20,18:43:36,-07:00,2026-04-20T18:43:36-07:00,1,39
global.js,98,js,69242fcb,gsriram67,2026-04-20,18:43:36,-07:00,2026-04-20T18:43:36-07:00,2,2
global.js,99,js,69242fcb,gsriram67,2026-04-20,18:43:36,-07:00,2026-04-20T18:43:36-07:00,1,43
global.js,100,js,69242fcb,gsriram67,2026-04-20,18:43:36,-07:00,2026-04-20T18:43:36-07:00,2,46
global.js,101,js,69242fcb,gsriram67,2026-04-20,18:43:36,-07:00,2026-04-20T18:43:36-07:00,2,60
global.js,102,js,69242fcb,gsriram67,2026-04-20,18:43:36,-07:00,2026-04-20T18:43:36-07:00,2,2
global.js,103,js,69242fcb,gsriram67,2026-04-20,18:43:36,-07:00,2026-04-20T18:43:36-07:00,1,0
global.js,104,js,69242fcb,gsriram67,2026-04-20,18:43:36,-07:00,2026-04-20T18:43:36-07:00,1,15
global.js,105,js,69242fcb,gsriram67,2026-04-20,18:43:36,-07:00,2026-04-20T18:43:36-07:00,1,28
global.js,106,js,69242fcb,gsriram67,2026-04-20,18:43:36,-07:00,2026-04-20T18:43:36-07:00,1,25
global.js,107,js,69242fcb,gsriram67,2026-04-20,18:43:36,-07:00,2026-04-20T18:43:36-07:00,2,46
global.js,108,js,69242fcb,gsriram67,2026-04-20,18:43:36,-07:00,2026-04-20T18:43:36-07:00,2,17
global.js,109,js,69242fcb,gsriram67,2026-04-20,18:43:36,-07:00,2026-04-20T18:43:36-07:00,1,47
global.js,110,js,69242fcb,gsriram67,2026-04-20,18:43:36,-07:00,2026-04-20T18:43:36-07:00,1,47
global.js,111,js,1ea1c491,gsriram67,2026-04-27,20:48:30,-07:00,2026-04-27T20:48:30-07:00,1,76
global.js,112,js,69242fcb,gsriram67,2026-04-20,18:43:36,-07:00,2026-04-20T18:43:36-07:00,0,0
global.js,113,js,69242fcb,gsriram67,2026-04-20,18:43:36,-07:00,2026-04-20T18:43:36-07:00,2,35
global.js,114,js,69242fcb,gsriram67,2026-04-20,18:43:36,-07:00,2026-04-20T18:43:36-07:00,1,0
global.js,115,js,69242fcb,gsriram67,2026-04-20,18:43:36,-07:00,2026-04-20T18:43:36-07:00,0,0
global.js,116,js,69242fcb,gsriram67,2026-04-20,18:43:36,-07:00,2026-04-20T18:43:36-07:00,0,0
global.js,117,js,69242fcb,gsriram67,2026-04-20,18:43:36,-07:00,2026-04-20T18:43:36-07:00,0,45
global.js,118,js,69242fcb,gsriram67,2026-04-20,18:43:36,-07:00,2026-04-20T18:43:36-07:00,1,57
global.js,119,js,69242fcb,gsriram67,2026-04-20,18:43:36,-07:00,2026-04-20T18:43:36-07:00,0,0
resume/index.html,1,html,e9e70d40,gsriram67,2026-04-01,18:36:08,-07:00,2026-04-01T18:36:08-07:00,0,11
resume/index.html,2,html,e9e70d40,gsriram67,2026-04-01,18:36:08,-07:00,2026-04-01T18:36:08-07:00,0,12
resume/index.html,3,html,69242fcb,gsriram67,2026-04-20,18:43:36,-07:00,2026-04-20T18:43:36-07:00,0,0
resume/index.html,4,html,e9e70d40,gsriram67,2026-04-01,18:36:08,-07:00,2026-04-01T18:36:08-07:00,0,2
resume/index.html,5,html,e9e70d40,gsriram67,2026-04-01,18:36:08,-07:00,2026-04-01T18:36:08-07:00,1,18
resume/index.html,6,html,e9e70d40,gsriram67,2026-04-01,18:36:08,-07:00,2026-04-01T18:36:08-07:00,1,66
resume/index.html,7,html,b6ee90c1,gsriram67,2026-04-07,16:42:50,-07:00,2026-04-07T16:42:50-07:00,1,39
resume/index.html,8,html,1d08cd73,gsriram67,2026-04-15,19:59:55,-07:00,2026-04-15T19:59:55-07:00,1,46
resume/index.html,9,html,e9e70d40,gsriram67,2026-04-01,18:36:08,-07:00,2026-04-01T18:36:08-07:00,1,32
resume/index.html,10,html,e9e70d40,gsriram67,2026-04-01,18:36:08,-07:00,2026-04-01T18:36:08-07:00,0,3
resume/index.html,11,html,69242fcb,gsriram67,2026-04-20,18:43:36,-07:00,2026-04-20T18:43:36-07:00,0,0
resume/index.html,12,html,e9e70d40,gsriram67,2026-04-01,18:36:08,-07:00,2026-04-01T18:36:08-07:00,0,2
resume/index.html,13,html,2427651a,gsriram67,2026-04-07,17:32:09,-07:00,2026-04-07T17:32:09-07:00,1,20
resume/index.html,14,html,69242fcb,gsriram67,2026-04-20,18:43:36,-07:00,2026-04-20T18:43:36-07:00,2,11
resume/index.html,15,html,2427651a,gsriram67,2026-04-07,17:32:09,-07:00,2026-04-07T17:32:09-07:00,2,5
resume/index.html,16,html,2427651a,gsriram67,2026-04-07,17:32:09,-07:00,2026-04-07T17:32:09-07:00,3,37
resume/index.html,17,html,2427651a,gsriram67,2026-04-07,17:32:09,-07:00,2026-04-07T17:32:09-07:00,3,31
resume/index.html,18,html,2427651a,gsriram67,2026-04-07,17:32:09,-07:00,2026-04-07T17:32:09-07:00,4,48
resume/index.html,19,html,2427651a,gsriram67,2026-04-07,17:32:09,-07:00,2026-04-07T17:32:09-07:00,4,19
resume/index.html,20,html,2427651a,gsriram67,2026-04-07,17:32:09,-07:00,2026-04-07T17:32:09-07:00,5,58
resume/index.html,21,html,2427651a,gsriram67,2026-04-07,17:32:09,-07:00,2026-04-07T17:32:09-07:00,5,56
resume/index.html,22,html,2427651a,gsriram67,2026-04-07,17:32:09,-07:00,2026-04-07T17:32:09-07:00,4,0
resume/index.html,23,html,2427651a,gsriram67,2026-04-07,17:32:09,-07:00,2026-04-07T17:32:09-07:00,3,6
resume/index.html,24,html,69242fcb,gsriram67,2026-04-20,18:43:36,-07:00,2026-04-20T18:43:36-07:00,3,33
resume/index.html,25,html,2427651a,gsriram67,2026-04-07,17:32:09,-07:00,2026-04-07T17:32:09-07:00,2,6
resume/index.html,26,html,69242fcb,gsriram67,2026-04-20,18:43:36,-07:00,2026-04-20T18:43:36-07:00,0,0
resume/index.html,27,html,2427651a,gsriram67,2026-04-07,17:32:09,-07:00,2026-04-07T17:32:09-07:00,2,5
resume/index.html,28,html,2427651a,gsriram67,2026-04-07,17:32:09,-07:00,2026-04-07T17:32:09-07:00,3,38
resume/index.html,29,html,2427651a,gsriram67,2026-04-07,17:32:09,-07:00,2026-04-07T17:32:09-07:00,3,31
resume/index.html,30,html,2427651a,gsriram67,2026-04-07,17:32:09,-07:00,2026-04-07T17:32:09-07:00,4,38
resume/index.html,31,html,2427651a,gsriram67,2026-04-07,17:32:09,-07:00,2026-04-07T17:32:09-07:00,4,19
resume/index.html,32,html,2427651a,gsriram67,2026-04-07,17:32:09,-07:00,2026-04-07T17:32:09-07:00,5,58
resume/index.html,33,html,2427651a,gsriram67,2026-04-07,17:32:09,-07:00,2026-04-07T17:32:09-07:00,5,3
resume/index.html,34,html,2427651a,gsriram67,2026-04-07,17:32:09,-07:00,2026-04-07T17:32:09-07:00,4,0
resume/index.html,35,html,2427651a,gsriram67,2026-04-07,17:32:09,-07:00,2026-04-07T17:32:09-07:00,3,6
resume/index.html,36,html,e3721520,gsriram67,2026-04-01,19:30:28,-07:00,2026-04-01T19:30:28-07:00,3,0
resume/index.html,37,html,e3721520,gsriram67,2026-04-01,19:30:28,-07:00,2026-04-01T19:30:28-07:00,4,43
resume/index.html,38,html,e3721520,gsriram67,2026-04-01,19:30:28,-07:00,2026-04-01T19:30:28-07:00,4,87
resume/index.html,39,html,e3721520,gsriram67,2026-04-01,19:30:28,-07:00,2026-04-01T19:30:28-07:00,3,1
resume/index.html,40,html,2427651a,gsriram67,2026-04-07,17:32:09,-07:00,2026-04-07T17:32:09-07:00,2,6
resume/index.html,41,html,2427651a,gsriram67,2026-04-07,17:32:09,-07:00,2026-04-07T17:32:09-07:00,2,5
resume/index.html,42,html,2427651a,gsriram67,2026-04-07,17:32:09,-07:00,2026-04-07T17:32:09-07:00,3,36
resume/index.html,43,html,2427651a,gsriram67,2026-04-07,17:32:09,-07:00,2026-04-07T17:32:09-07:00,3,31
resume/index.html,44,html,2427651a,gsriram67,2026-04-07,17:32:09,-07:00,2026-04-07T17:32:09-07:00,4,24
resume/index.html,45,html,2427651a,gsriram67,2026-04-07,17:32:09,-07:00,2026-04-07T17:32:09-07:00,4,19
resume/index.html,46,html,2427651a,gsriram67,2026-04-07,17:32:09,-07:00,2026-04-07T17:32:09-07:00,5,58
resume/index.html,47,html,2427651a,gsriram67,2026-04-07,17:32:09,-07:00,2026-04-07T17:32:09-07:00,5,56
resume/index.html,48,html,2427651a,gsriram67,2026-04-07,17:32:09,-07:00,2026-04-07T17:32:09-07:00,4,0
resume/index.html,49,html,2427651a,gsriram67,2026-04-07,17:32:09,-07:00,2026-04-07T17:32:09-07:00,3,6
resume/index.html,50,html,e3721520,gsriram67,2026-04-01,19:30:28,-07:00,2026-04-01T19:30:28-07:00,3,0
resume/index.html,51,html,69242fcb,gsriram67,2026-04-20,18:43:36,-07:00,2026-04-20T18:43:36-07:00,4,93
resume/index.html,52,html,69242fcb,gsriram67,2026-04-20,18:43:36,-07:00,2026-04-20T18:43:36-07:00,5,8
resume/index.html,53,html,e3721520,gsriram67,2026-04-01,19:30:28,-07:00,2026-04-01T19:30:28-07:00,4,99
resume/index.html,54,html,69242fcb,gsriram67,2026-04-20,18:43:36,-07:00,2026-04-20T18:43:36-07:00,4,99
resume/index.html,55,html,69242fcb,gsriram67,2026-04-20,18:43:36,-07:00,2026-04-20T18:43:36-07:00,5,47
resume/index.html,56,html,e3721520,gsriram67,2026-04-01,19:30:28,-07:00,2026-04-01T19:30:28-07:00,3,1
resume/index.html,57,html,2427651a,gsriram67,2026-04-07,17:32:09,-07:00,2026-04-07T17:32:09-07:00,3,31
resume/index.html,58,html,2427651a,gsriram67,2026-04-07,17:32:09,-07:00,2026-04-07T17:32:09-07:00,4,64
resume/index.html,59,html,2427651a,gsriram67,2026-04-07,17:32:09,-07:00,2026-04-07T17:32:09-07:00,4,19
resume/index.html,60,html,2427651a,gsriram67,2026-04-07,17:32:09,-07:00,2026-04-07T17:32:09-07:00,5,58
resume/index.html,61,html,2427651a,gsriram67,2026-04-07,17:32:09,-07:00,2026-04-07T17:32:09-07:00,5,56
resume/index.html,62,html,2427651a,gsriram67,2026-04-07,17:32:09,-07:00,2026-04-07T17:32:09-07:00,4,0
resume/index.html,63,html,2427651a,gsriram67,2026-04-07,17:32:09,-07:00,2026-04-07T17:32:09-07:00,3,6
resume/index.html,64,html,e3721520,gsriram67,2026-04-01,19:30:28,-07:00,2026-04-01T19:30:28-07:00,3,0
resume/index.html,65,html,e3721520,gsriram67,2026-04-01,19:30:28,-07:00,2026-04-01T19:30:28-07:00,4,89
resume/index.html,66,html,69242fcb,gsriram67,2026-04-20,18:43:36,-07:00,2026-04-20T18:43:36-07:00,4,99
resume/index.html,67,html,69242fcb,gsriram67,2026-04-20,18:43:36,-07:00,2026-04-20T18:43:36-07:00,5,19
resume/index.html,68,html,69242fcb,gsriram67,2026-04-20,18:43:36,-07:00,2026-04-20T18:43:36-07:00,4,97
resume/index.html,69,html,69242fcb,gsriram67,2026-04-20,18:43:36,-07:00,2026-04-20T18:43:36-07:00,5,18
resume/index.html,70,html,e3721520,gsriram67,2026-04-01,19:30:28,-07:00,2026-04-01T19:30:28-07:00,3,1
resume/index.html,71,html,69242fcb,gsriram67,2026-04-20,18:43:36,-07:00,2026-04-20T18:43:36-07:00,3,5
resume/index.html,72,html,69242fcb,gsriram67,2026-04-20,18:43:36,-07:00,2026-04-20T18:43:36-07:00,4,31
resume/index.html,73,html,69242fcb,gsriram67,2026-04-20,18:43:36,-07:00,2026-04-20T18:43:36-07:00,5,35
resume/index.html,74,html,69242fcb,gsriram67,2026-04-20,18:43:36,-07:00,2026-04-20T18:43:36-07:00,5,77
resume/index.html,75,html,69242fcb,gsriram67,2026-04-20,18:43:36,-07:00,2026-04-20T18:43:36-07:00,4,6
resume/index.html,76,html,69242fcb,gsriram67,2026-04-20,18:43:36,-07:00,2026-04-20T18:43:36-07:00,4,0
resume/index.html,77,html,69242fcb,gsriram67,2026-04-20,18:43:36,-07:00,2026-04-20T18:43:36-07:00,5,92
resume/index.html,78,html,69242fcb,gsriram67,2026-04-20,18:43:36,-07:00,2026-04-20T18:43:36-07:00,5,86
resume/index.html,79,html,69242fcb,gsriram67,2026-04-20,18:43:36,-07:00,2026-04-20T18:43:36-07:00,6,11
resume/index.html,80,html,69242fcb,gsriram67,2026-04-20,18:43:36,-07:00,2026-04-20T18:43:36-07:00,4,1
resume/index.html,81,html,69242fcb,gsriram67,2026-04-20,18:43:36,-07:00,2026-04-20T18:43:36-07:00,3,6
resume/index.html,82,html,2427651a,gsriram67,2026-04-07,17:32:09,-07:00,2026-04-07T17:32:09-07:00,2,6
resume/index.html,83,html,2427651a,gsriram67,2026-04-07,17:32:09,-07:00,2026-04-07T17:32:09-07:00,1,6
resume/index.html,84,html,e9e70d40,gsriram67,2026-04-01,18:36:08,-07:00,2026-04-01T18:36:08-07:00,0,3
resume/index.html,85,html,69242fcb,gsriram67,2026-04-20,18:43:36,-07:00,2026-04-20T18:43:36-07:00,0,0
resume/index.html,86,html,e9e70d40,gsriram67,2026-04-01,18:36:08,-07:00,2026-04-01T18:36:08-07:00,0,3
projects/projects.js,1,js,69242fcb,gsriram67,2026-04-20,18:43:36,-07:00,2026-04-20T18:43:36-07:00,0,53
projects/projects.js,2,js,1ea1c491,gsriram67,2026-04-27,20:48:30,-07:00,2026-04-27T20:48:30-07:00,0,61
projects/projects.js,3,js,ced2c2d0,gsriram67,2026-04-27,22:37:36,-07:00,2026-04-27T22:37:36-07:00,0,0
projects/projects.js,4,js,69242fcb,gsriram67,2026-04-20,18:43:36,-07:00,2026-04-20T18:43:36-07:00,0,53
projects/projects.js,5,js,69242fcb,gsriram67,2026-04-20,18:43:36,-07:00,2026-04-20T18:43:36-07:00,0,58
projects/projects.js,6,js,1ea1c491,gsriram67,2026-04-27,20:48:30,-07:00,2026-04-27T20:48:30-07:00,0,61
projects/projects.js,7,js,ced2c2d0,gsriram67,2026-04-27,22:37:36,-07:00,2026-04-27T22:37:36-07:00,0,19
projects/projects.js,8,js,1e8444aa,gsriram67,2026-04-27,22:45:49,-07:00,2026-04-27T22:45:49-07:00,0,16
projects/projects.js,9,js,ced2c2d0,gsriram67,2026-04-27,22:37:36,-07:00,2026-04-27T22:37:36-07:00,0,0
projects/projects.js,10,js,ced2c2d0,gsriram67,2026-04-27,22:37:36,-07:00,2026-04-27T22:37:36-07:00,0,36
projects/projects.js,11,js,ced2c2d0,gsriram67,2026-04-27,22:37:36,-07:00,2026-04-27T22:37:36-07:00,1,49
projects/projects.js,12,js,ced2c2d0,gsriram67,2026-04-27,22:37:36,-07:00,2026-04-27T22:37:36-07:00,1,17
projects/projects.js,13,js,ced2c2d0,gsriram67,2026-04-27,22:37:36,-07:00,2026-04-27T22:37:36-07:00,1,45
projects/projects.js,14,js,ced2c2d0,gsriram67,2026-04-27,22:37:36,-07:00,2026-04-27T22:37:36-07:00,1,20
projects/projects.js,15,js,ced2c2d0,gsriram67,2026-04-27,22:37:36,-07:00,2026-04-27T22:37:36-07:00,1,55
projects/projects.js,16,js,ced2c2d0,gsriram67,2026-04-27,22:37:36,-07:00,2026-04-27T22:37:36-07:00,0,0
projects/projects.js,17,js,ced2c2d0,gsriram67,2026-04-27,22:37:36,-07:00,2026-04-27T22:37:36-07:00,1,24
projects/projects.js,18,js,ced2c2d0,gsriram67,2026-04-27,22:37:36,-07:00,2026-04-27T22:37:36-07:00,2,10
projects/projects.js,19,js,ced2c2d0,gsriram67,2026-04-27,22:37:36,-07:00,2026-04-27T22:37:36-07:00,2,12
projects/projects.js,20,js,ced2c2d0,gsriram67,2026-04-27,22:37:36,-07:00,2026-04-27T22:37:36-07:00,2,10
projects/projects.js,21,js,ced2c2d0,gsriram67,2026-04-27,22:37:36,-07:00,2026-04-27T22:37:36-07:00,1,0
projects/projects.js,22,js,ced2c2d0,gsriram67,2026-04-27,22:37:36,-07:00,2026-04-27T22:37:36-07:00,0,0
projects/projects.js,23,js,ced2c2d0,gsriram67,2026-04-27,22:37:36,-07:00,2026-04-27T22:37:36-07:00,1,42
projects/projects.js,24,js,ced2c2d0,gsriram67,2026-04-27,22:37:36,-07:00,2026-04-27T22:37:36-07:00,2,33
projects/projects.js,25,js,ced2c2d0,gsriram67,2026-04-27,22:37:36,-07:00,2026-04-27T22:37:36-07:00,1,0
projects/projects.js,26,js,ced2c2d0,gsriram67,2026-04-27,22:37:36,-07:00,2026-04-27T22:37:36-07:00,0,0
projects/projects.js,27,js,ced2c2d0,gsriram67,2026-04-27,22:37:36,-07:00,2026-04-27T22:37:36-07:00,1,48
projects/projects.js,28,js,ced2c2d0,gsriram67,2026-04-27,22:37:36,-07:00,2026-04-27T22:37:36-07:00,1,31
projects/projects.js,29,js,ced2c2d0,gsriram67,2026-04-27,22:37:36,-07:00,2026-04-27T22:37:36-07:00,1,45
projects/projects.js,30,js,ced2c2d0,gsriram67,2026-04-27,22:37:36,-07:00,2026-04-27T22:37:36-07:00,1,43
projects/projects.js,31,js,ced2c2d0,gsriram67,2026-04-27,22:37:36,-07:00,2026-04-27T22:37:36-07:00,0,0
projects/projects.js,32,js,ced2c2d0,gsriram67,2026-04-27,22:37:36,-07:00,2026-04-27T22:37:36-07:00,1,26
projects/projects.js,33,js,ced2c2d0,gsriram67,2026-04-27,22:37:36,-07:00,2026-04-27T22:37:36-07:00,2,71
projects/projects.js,34,js,ced2c2d0,gsriram67,2026-04-27,22:37:36,-07:00,2026-04-27T22:37:36-07:00,1,0
projects/projects.js,35,js,ced2c2d0,gsriram67,2026-04-27,22:37:36,-07:00,2026-04-27T22:37:36-07:00,0,0
projects/projects.js,36,js,ced2c2d0,gsriram67,2026-04-27,22:37:36,-07:00,2026-04-27T22:37:36-07:00,1,30
projects/projects.js,37,js,ced2c2d0,gsriram67,2026-04-27,22:37:36,-07:00,2026-04-27T22:37:36-07:00,0,0
projects/projects.js,38,js,ced2c2d0,gsriram67,2026-04-27,22:37:36,-07:00,2026-04-27T22:37:36-07:00,1,22
projects/projects.js,39,js,ced2c2d0,gsriram67,2026-04-27,22:37:36,-07:00,2026-04-27T22:37:36-07:00,2,2
projects/projects.js,40,js,ced2c2d0,gsriram67,2026-04-27,22:37:36,-07:00,2026-04-27T22:37:36-07:00,3,9
projects/projects.js,41,js,ced2c2d0,gsriram67,2026-04-27,22:37:36,-07:00,2026-04-27T22:37:36-07:00,3,91
projects/projects.js,42,js,ced2c2d0,gsriram67,2026-04-27,22:37:36,-07:00,2026-04-27T22:37:36-07:00,3,25
projects/projects.js,43,js,ced2c2d0,gsriram67,2026-04-27,22:37:36,-07:00,2026-04-27T22:37:36-07:00,3,97
projects/projects.js,44,js,ced2c2d0,gsriram67,2026-04-27,22:37:36,-07:00,2026-04-27T22:37:36-07:00,1,0
projects/projects.js,45,js,ced2c2d0,gsriram67,2026-04-27,22:37:36,-07:00,2026-04-27T22:37:36-07:00,1,23
projects/projects.js,46,js,ced2c2d0,gsriram67,2026-04-27,22:37:36,-07:00,2026-04-27T22:37:36-07:00,1,27
projects/projects.js,47,js,ced2c2d0,gsriram67,2026-04-27,22:37:36,-07:00,2026-04-27T22:37:36-07:00,1,22
projects/projects.js,48,js,ced2c2d0,gsriram67,2026-04-27,22:37:36,-07:00,2026-04-27T22:37:36-07:00,2,0
projects/projects.js,49,js,ced2c2d0,gsriram67,2026-04-27,22:37:36,-07:00,2026-04-27T22:37:36-07:00,3,11
projects/projects.js,50,js,ced2c2d0,gsriram67,2026-04-27,22:37:36,-07:00,2026-04-27T22:37:36-07:00,3,11
projects/projects.js,51,js,ced2c2d0,gsriram67,2026-04-27,22:37:36,-07:00,2026-04-27T22:37:36-07:00,0,0
projects/projects.js,52,js,ced2c2d0,gsriram67,2026-04-27,22:37:36,-07:00,2026-04-27T22:37:36-07:00,3,20
projects/projects.js,53,js,ced2c2d0,gsriram67,2026-04-27,22:37:36,-07:00,2026-04-27T22:37:36-07:00,3,16
projects/projects.js,54,js,ced2c2d0,gsriram67,2026-04-27,22:37:36,-07:00,2026-04-27T22:37:36-07:00,4,41
projects/projects.js,55,js,ced2c2d0,gsriram67,2026-04-27,22:37:36,-07:00,2026-04-27T22:37:36-07:00,0,0
projects/projects.js,56,js,ced2c2d0,gsriram67,2026-04-27,22:37:36,-07:00,2026-04-27T22:37:36-07:00,4,0
projects/projects.js,57,js,ced2c2d0,gsriram67,2026-04-27,22:37:36,-07:00,2026-04-27T22:37:36-07:00,5,14
projects/projects.js,58,js,ced2c2d0,gsriram67,2026-04-27,22:37:36,-07:00,2026-04-27T22:37:36-07:00,5,24
projects/projects.js,59,js,ced2c2d0,gsriram67,2026-04-27,22:37:36,-07:00,2026-04-27T22:37:36-07:00,6,35
projects/projects.js,60,js,ced2c2d0,gsriram67,2026-04-27,22:37:36,-07:00,2026-04-27T22:37:36-07:00,5,0
projects/projects.js,61,js,ced2c2d0,gsriram67,2026-04-27,22:37:36,-07:00,2026-04-27T22:37:36-07:00,0,0
projects/projects.js,62,js,ced2c2d0,gsriram67,2026-04-27,22:37:36,-07:00,2026-04-27T22:37:36-07:00,0,0
projects/projects.js,63,js,1e8444aa,gsriram67,2026-04-27,22:45:49,-07:00,2026-04-27T22:45:49-07:00,4,22
projects/projects.js,64,js,1e8444aa,gsriram67,2026-04-27,22:45:49,-07:00,2026-04-27T22:45:49-07:00,5,34
projects/projects.js,65,js,1e8444aa,gsriram67,2026-04-27,22:45:49,-07:00,2026-04-27T22:45:49-07:00,5,29
projects/projects.js,66,js,1e8444aa,gsriram67,2026-04-27,22:45:49,-07:00,2026-04-27T22:45:49-07:00,4,0
projects/projects.js,67,js,1e8444aa,gsriram67,2026-04-27,22:45:49,-07:00,2026-04-27T22:45:49-07:00,4,2
projects/projects.js,68,js,1e8444aa,gsriram67,2026-04-27,22:45:49,-07:00,2026-04-27T22:45:49-07:00,5,29
projects/projects.js,69,js,ced2c2d0,gsriram67,2026-04-27,22:37:36,-07:00,2026-04-27T22:37:36-07:00,4,0
projects/projects.js,70,js,ced2c2d0,gsriram67,2026-04-27,22:37:36,-07:00,2026-04-27T22:37:36-07:00,3,0
projects/projects.js,71,js,ced2c2d0,gsriram67,2026-04-27,22:37:36,-07:00,2026-04-27T22:37:36-07:00,1,0
projects/projects.js,72,js,ced2c2d0,gsriram67,2026-04-27,22:37:36,-07:00,2026-04-27T22:37:36-07:00,1,0
projects/projects.js,73,js,ced2c2d0,gsriram67,2026-04-27,22:37:36,-07:00,2026-04-27T22:37:36-07:00,0,0
projects/projects.js,74,js,ced2c2d0,gsriram67,2026-04-27,22:37:36,-07:00,2026-04-27T22:37:36-07:00,0,0
projects/projects.js,75,js,ced2c2d0,gsriram67,2026-04-27,22:37:36,-07:00,2026-04-27T22:37:36-07:00,0,0
projects/projects.js,76,js,ced2c2d0,gsriram67,2026-04-27,22:37:36,-07:00,2026-04-27T22:37:36-07:00,0,0
projects/projects.js,77,js,ced2c2d0,gsriram67,2026-04-27,22:37:36,-07:00,2026-04-27T22:37:36-07:00,0,0
projects/projects.js,78,js,ced2c2d0,gsriram67,2026-04-27,22:37:36,-07:00,2026-04-27T22:37:36-07:00,0,55
projects/projects.js,79,js,ced2c2d0,gsriram67,2026-04-27,22:37:36,-07:00,2026-04-27T22:37:36-07:00,0,0
projects/projects.js,80,js,69242fcb,gsriram67,2026-04-20,18:43:36,-07:00,2026-04-20T18:43:36-07:00,0,46
projects/projects.js,81,js,ced2c2d0,gsriram67,2026-04-27,22:37:36,-07:00,2026-04-27T22:37:36-07:00,0,20
projects/projects.js,82,js,ced2c2d0,gsriram67,2026-04-27,22:37:36,-07:00,2026-04-27T22:37:36-07:00,0,0
projects/projects.js,83,js,ced2c2d0,gsriram67,2026-04-27,22:37:36,-07:00,2026-04-27T22:37:36-07:00,0,11
projects/projects.js,84,js,ced2c2d0,gsriram67,2026-04-27,22:37:36,-07:00,2026-04-27T22:37:36-07:00,0,51
projects/projects.js,85,js,ced2c2d0,gsriram67,2026-04-27,22:37:36,-07:00,2026-04-27T22:37:36-07:00,0,46
projects/projects.js,86,js,ced2c2d0,gsriram67,2026-04-27,22:37:36,-07:00,2026-04-27T22:37:36-07:00,1,17
projects/projects.js,87,js,ced2c2d0,gsriram67,2026-04-27,22:37:36,-07:00,2026-04-27T22:37:36-07:00,1,23
projects/projects.js,88,js,1e8444aa,gsriram67,2026-04-27,22:45:49,-07:00,2026-04-27T22:45:49-07:00,1,29
projects/projects.js,89,js,ced2c2d0,gsriram67,2026-04-27,22:37:36,-07:00,2026-04-27T22:37:36-07:00,0,0
projects/projects.js,90,js,ced2c2d0,gsriram67,2026-04-27,22:37:36,-07:00,2026-04-27T22:37:36-07:00,0,0
projects/projects.js,91,js,ced2c2d0,gsriram67,2026-04-27,22:37:36,-07:00,2026-04-27T22:37:36-07:00,0,0
projects/projects.js,92,js,ced2c2d0,gsriram67,2026-04-27,22:37:36,-07:00,2026-04-27T22:37:36-07:00,0,30
projects/projects.js,93,js,ced2c2d0,gsriram67,2026-04-27,22:37:36,-07:00,2026-04-27T22:37:36-07:00,1,49
projects/projects.js,94,js,ced2c2d0,gsriram67,2026-04-27,22:37:36,-07:00,2026-04-27T22:37:36-07:00,2,57
projects/projects.js,95,js,1e8444aa,gsriram67,2026-04-27,22:45:49,-07:00,2026-04-27T22:45:49-07:00,2,20
projects/projects.js,96,js,1e8444aa,gsriram67,2026-04-27,22:45:49,-07:00,2026-04-27T22:45:49-07:00,3,60
projects/projects.js,97,js,1e8444aa,gsriram67,2026-04-27,22:45:49,-07:00,2026-04-27T22:45:49-07:00,2,0
projects/projects.js,98,js,1e8444aa,gsriram67,2026-04-27,22:45:49,-07:00,2026-04-27T22:45:49-07:00,3,35
projects/projects.js,99,js,ced2c2d0,gsriram67,2026-04-27,22:37:36,-07:00,2026-04-27T22:37:36-07:00,1,0
projects/projects.js,100,js,a9eb63e2,gsriram67,2026-04-30,12:35:50,-07:00,2026-04-30T12:35:50-07:00,1,28
projects/projects.js,101,js,1e8444aa,gsriram67,2026-04-27,22:45:49,-07:00,2026-04-27T22:45:49-07:00,1,53
projects/projects.js,102,js,ced2c2d0,gsriram67,2026-04-27,22:37:36,-07:00,2026-04-27T22:37:36-07:00,0,0
projects/index.html,1,html,0a44c1c6,gsriram67,2026-04-01,18:20:11,-07:00,2026-04-01T18:20:11-07:00,0,11
projects/index.html,2,html,0a44c1c6,gsriram67,2026-04-01,18:20:11,-07:00,2026-04-01T18:20:11-07:00,0,12
projects/index.html,3,html,69242fcb,gsriram67,2026-04-20,18:43:36,-07:00,2026-04-20T18:43:36-07:00,0,0
projects/index.html,4,html,0a44c1c6,gsriram67,2026-04-01,18:20:11,-07:00,2026-04-01T18:20:11-07:00,0,2
projects/index.html,5,html,0a44c1c6,gsriram67,2026-04-01,18:20:11,-07:00,2026-04-01T18:20:11-07:00,1,18
projects/index.html,6,html,0a44c1c6,gsriram67,2026-04-01,18:20:11,-07:00,2026-04-01T18:20:11-07:00,1,66
projects/index.html,7,html,b6ee90c1,gsriram67,2026-04-07,16:42:50,-07:00,2026-04-07T16:42:50-07:00,1,39
projects/index.html,8,html,1d08cd73,gsriram67,2026-04-15,19:59:55,-07:00,2026-04-15T19:59:55-07:00,1,46
projects/index.html,9,html,69242fcb,gsriram67,2026-04-20,18:43:36,-07:00,2026-04-20T18:43:36-07:00,1,45
projects/index.html,10,html,0a44c1c6,gsriram67,2026-04-01,18:20:11,-07:00,2026-04-01T18:20:11-07:00,1,34
projects/index.html,11,html,0a44c1c6,gsriram67,2026-04-01,18:20:11,-07:00,2026-04-01T18:20:11-07:00,0,3
projects/index.html,12,html,69242fcb,gsriram67,2026-04-20,18:43:36,-07:00,2026-04-20T18:43:36-07:00,0,0
projects/index.html,13,html,0a44c1c6,gsriram67,2026-04-01,18:20:11,-07:00,2026-04-01T18:20:11-07:00,0,2
projects/index.html,14,html,1ea1c491,gsriram67,2026-04-27,20:48:30,-07:00,2026-04-27T20:48:30-07:00,1,36
projects/index.html,15,html,ced2c2d0,gsriram67,2026-04-27,22:37:36,-07:00,2026-04-27T22:37:36-07:00,1,19
projects/index.html,16,html,ced2c2d0,gsriram67,2026-04-27,22:37:36,-07:00,2026-04-27T22:37:36-07:00,2,46
projects/index.html,17,html,ced2c2d0,gsriram67,2026-04-27,22:37:36,-07:00,2026-04-27T22:37:36-07:00,2,2
projects/index.html,18,html,ced2c2d0,gsriram67,2026-04-27,22:37:36,-07:00,2026-04-27T22:37:36-07:00,2,20
projects/index.html,19,html,ced2c2d0,gsriram67,2026-04-27,22:37:36,-07:00,2026-04-27T22:37:36-07:00,1,2
projects/index.html,20,html,ced2c2d0,gsriram67,2026-04-27,22:37:36,-07:00,2026-04-27T22:37:36-07:00,1,100
projects/index.html,21,html,69242fcb,gsriram67,2026-04-20,18:43:36,-07:00,2026-04-20T18:43:36-07:00,1,18
projects/index.html,22,html,69242fcb,gsriram67,2026-04-20,18:43:36,-07:00,2026-04-20T18:43:36-07:00,1,2
projects/index.html,23,html,1d08cd73,gsriram67,2026-04-15,19:59:55,-07:00,2026-04-15T19:59:55-07:00,0,3
projects/index.html,24,html,69242fcb,gsriram67,2026-04-20,18:43:36,-07:00,2026-04-20T18:43:36-07:00,0,0
projects/index.html,25,html,0a44c1c6,gsriram67,2026-04-01,18:20:11,-07:00,2026-04-01T18:20:11-07:00,0,3
contact/index.html,1,html,0a44c1c6,gsriram67,2026-04-01,18:20:11,-07:00,2026-04-01T18:20:11-07:00,0,11
contact/index.html,2,html,0a44c1c6,gsriram67,2026-04-01,18:20:11,-07:00,2026-04-01T18:20:11-07:00,0,12
contact/index.html,3,html,69242fcb,gsriram67,2026-04-20,18:43:36,-07:00,2026-04-20T18:43:36-07:00,0,0
contact/index.html,4,html,0a44c1c6,gsriram67,2026-04-01,18:20:11,-07:00,2026-04-01T18:20:11-07:00,0,2
contact/index.html,5,html,0a44c1c6,gsriram67,2026-04-01,18:20:11,-07:00,2026-04-01T18:20:11-07:00,1,18
contact/index.html,6,html,0a44c1c6,gsriram67,2026-04-01,18:20:11,-07:00,2026-04-01T18:20:11-07:00,1,66
contact/index.html,7,html,b6ee90c1,gsriram67,2026-04-07,16:42:50,-07:00,2026-04-07T16:42:50-07:00,1,39
contact/index.html,8,html,1d08cd73,gsriram67,2026-04-15,19:59:55,-07:00,2026-04-15T19:59:55-07:00,1,46
contact/index.html,9,html,0a44c1c6,gsriram67,2026-04-01,18:20:11,-07:00,2026-04-01T18:20:11-07:00,1,33
contact/index.html,10,html,0a44c1c6,gsriram67,2026-04-01,18:20:11,-07:00,2026-04-01T18:20:11-07:00,0,3
contact/index.html,11,html,69242fcb,gsriram67,2026-04-20,18:43:36,-07:00,2026-04-20T18:43:36-07:00,0,0
contact/index.html,12,html,0a44c1c6,gsriram67,2026-04-01,18:20:11,-07:00,2026-04-01T18:20:11-07:00,0,2
contact/index.html,13,html,69242fcb,gsriram67,2026-04-20,18:43:36,-07:00,2026-04-20T18:43:36-07:00,1,12
contact/index.html,14,html,3fda5c46,gsriram67,2026-04-14,17:40:41,-07:00,2026-04-14T17:40:41-07:00,1,35
contact/index.html,15,html,00a2297c,gsriram67,2026-04-01,18:33:49,-07:00,2026-04-01T18:33:49-07:00,2,3
contact/index.html,16,html,b6ee90c1,gsriram67,2026-04-07,16:42:50,-07:00,2026-04-07T16:42:50-07:00,3,4
contact/index.html,17,html,00a2297c,gsriram67,2026-04-01,18:33:49,-07:00,2026-04-01T18:33:49-07:00,3,18
contact/index.html,18,html,00a2297c,gsriram67,2026-04-01,18:33:49,-07:00,2026-04-01T18:33:49-07:00,2,4
contact/index.html,19,html,00a2297c,gsriram67,2026-04-01,18:33:49,-07:00,2026-04-01T18:33:49-07:00,2,3
contact/index.html,20,html,b6ee90c1,gsriram67,2026-04-07,16:42:50,-07:00,2026-04-07T16:42:50-07:00,3,1
contact/index.html,21,html,00a2297c,gsriram67,2026-04-01,18:33:49,-07:00,2026-04-01T18:33:49-07:00,3,29
contact/index.html,22,html,00a2297c,gsriram67,2026-04-01,18:33:49,-07:00,2026-04-01T18:33:49-07:00,2,4
contact/index.html,23,html,b6ee90c1,gsriram67,2026-04-07,16:42:50,-07:00,2026-04-07T16:42:50-07:00,2,3
contact/index.html,24,html,b6ee90c1,gsriram67,2026-04-07,16:42:50,-07:00,2026-04-07T16:42:50-07:00,3,19
contact/index.html,25,html,b6ee90c1,gsriram67,2026-04-07,16:42:50,-07:00,2026-04-07T16:42:50-07:00,2,4
contact/index.html,26,html,00a2297c,gsriram67,2026-04-01,18:33:49,-07:00,2026-04-01T18:33:49-07:00,1,3
contact/index.html,27,html,0a44c1c6,gsriram67,2026-04-01,18:20:11,-07:00,2026-04-01T18:20:11-07:00,0,3
contact/index.html,28,html,69242fcb,gsriram67,2026-04-20,18:43:36,-07:00,2026-04-20T18:43:36-07:00,0,0
contact/index.html,29,html,0a44c1c6,gsriram67,2026-04-01,18:20:11,-07:00,2026-04-01T18:20:11-07:00,0,3
